{"cameraMode":{"drawMode":0,"name":"Shaded","section":"Shading Mode"},"sceneLighting":true,"audioPlay":false,"sceneViewState":{"m_AlwaysRefresh":false,"showFog":true,"showSkybox":true,"showFlares":true,"showImageEffects":true,"showParticleSystems":true,"showVisualEffectGraphs":true,"m_FxEnabled":true},"in2DMode":false,"pivot":{"x":419.9242248535156,"y":203.45870971679688,"z":232.4736328125},"rotation":{"x":-0.03929932042956352,"y":-0.002401379868388176,"z":0.00009395852248417214,"w":-0.9992241263389587},"size":346.05572509765627,"orthographic":false}