{"cameraMode":{"drawMode":0,"name":"Shaded","section":"Shading Mode"},"sceneLighting":true,"audioPlay":false,"sceneViewState":{"m_AlwaysRefresh":false,"showFog":true,"showSkybox":true,"showFlares":true,"showImageEffects":true,"showParticleSystems":true,"showVisualEffectGraphs":true,"m_FxEnabled":true},"in2DMode":false,"pivot":{"x":2.9748260974884035,"y":0.9609980583190918,"z":-0.6107358932495117},"rotation":{"x":0.018131200224161149,"y":-0.904016375541687,"z":0.4253832995891571,"w":0.038542043417692187},"size":4.16149377822876,"orthographic":false}