{"cameraMode":{"drawMode":0,"name":"Shaded","section":"Shading Mode"},"sceneLighting":true,"audioPlay":false,"sceneViewState":{"m_AlwaysRefresh":false,"showFog":true,"showSkybox":true,"showFlares":true,"showImageEffects":true,"showParticleSystems":true,"showVisualEffectGraphs":true,"m_FxEnabled":true},"in2DMode":false,"pivot":{"x":-0.33913958072662356,"y":-0.11495840549468994,"z":0.2355116903781891},"rotation":{"x":-0.15896569192409516,"y":0.6848782300949097,"z":-0.1569749116897583,"w":-0.6935637593269348},"size":4.492604732513428,"orthographic":false}