{"cameraMode":{"drawMode":0,"name":"Shaded","section":"Shading Mode"},"sceneLighting":true,"audioPlay":false,"sceneViewState":{"m_AlwaysRefresh":false,"showFog":true,"showSkybox":true,"showFlares":true,"showImageEffects":true,"showParticleSystems":true,"showVisualEffectGraphs":true,"m_FxEnabled":true},"in2DMode":false,"pivot":{"x":399.5260925292969,"y":253.6627197265625,"z":-27.616493225097658},"rotation":{"x":0.10511215776205063,"y":-0.007463371381163597,"z":0.0007899724878370762,"w":0.9944300651550293},"size":160.5667724609375,"orthographic":false}