{"cameraMode":{"drawMode":0,"name":"Shaded","section":"Shading Mode"},"sceneLighting":true,"audioPlay":false,"sceneViewState":{"m_AlwaysRefresh":false,"showFog":true,"showSkybox":true,"showFlares":true,"showImageEffects":true,"showParticleSystems":true,"showVisualEffectGraphs":true,"m_FxEnabled":true},"in2DMode":false,"pivot":{"x":12.350242614746094,"y":-9.635604858398438,"z":-21.0617733001709},"rotation":{"x":-0.046600908041000369,"y":-0.9504187107086182,"z":0.25263720750808718,"w":-0.17529529333114625},"size":17.083711624145509,"orthographic":false}