{"cameraMode":{"drawMode":0,"name":"Shaded","section":"Shading Mode"},"sceneLighting":true,"audioPlay":false,"sceneViewState":{"m_AlwaysRefresh":false,"showFog":true,"showSkybox":true,"showFlares":true,"showImageEffects":true,"showParticleSystems":true,"showVisualEffectGraphs":true,"m_FxEnabled":true},"in2DMode":false,"pivot":{"x":-231.28048706054688,"y":3.5776619911193849,"z":-266.62384033203127},"rotation":{"x":-0.12509745359420777,"y":-0.6939577460289002,"z":0.12435050308704376,"w":-0.6981292963027954},"size":1.390764594078064,"orthographic":false}