{"cameraMode":{"drawMode":0,"name":"Shaded","section":"Shading Mode"},"sceneLighting":true,"audioPlay":false,"sceneViewState":{"m_AlwaysRefresh":false,"showFog":true,"showSkybox":true,"showFlares":true,"showImageEffects":true,"showParticleSystems":true,"showVisualEffectGraphs":true,"m_FxEnabled":true},"in2DMode":false,"pivot":{"x":-1.9155473709106446,"y":0.49051380157470705,"z":-7.036155700683594},"rotation":{"x":-0.0962381362915039,"y":0.8989248871803284,"z":-0.24908441305160523,"w":-0.34731510281562807},"size":11.147119522094727,"orthographic":false}